video_id,create_time_ts,caption_raw,hashtags,author_id,author_username,view_count,like_count,comment_count,share_count,save_count,source_type,source_query,crawled_at,crawled_at_ts,author_signature,author_follower_count,author_verified,video_duration_sec,music_id,has_music,brand
7591569608084147478,1767550047,Review Adidas Ultraboost 22 #adidas #sneakers #ultraboost #adidasultraboost ,"adidas,sneakers,ultraboost,adidasultraboost",7419406365976134689,culture.x.sneakers,10316,51,1,5,9,hashtag,ultraboost,2026-04-04 00:52:20,1775235140,,76715,,66,7591569659431373590,True,adidas
7242697762830109979,1686321993,Where does this rank on your list of comfiest sneakers? #sneakers #sneakertok #sneakerhead #streetwear #hypebeast #fashiontiktok #adidas ,"sneakers,sneakertok,sneakerhead,streetwear,hypebeast,fashiontiktok,adidas",7120131919995683846,shoepointuk,659154,3903,62,493,1261,hashtag,ultraboost,2026-04-04 00:52:20,1775235140,,32713,,57,6696375008014371585,True,adidas
7567809528004119838,1762017973,Top 5 shoes oat #fyp #ultraboost #addidas #xyzbca #fypp ,"fyp,ultraboost,addidas,xyzbca,fypp",7446162632053261354,nickssecertspam,175057,13136,50,437,539,hashtag,ultraboost,2026-04-04 00:52:20,1775235140,,391,,9,6917569209236981761,True,adidas
7624222669944147220,1775152679,Ultraboost #adidasultraboost #krossbaku ,"adidasultraboost,krossbaku",7240191690051650561,krossbaku,3502,41,4,5,10,hashtag,ultraboost,2026-04-04 00:52:20,1775235140,,25902,,16,7537342825113946913,True,adidas
7475058514549984558,1740422749,The best sneaker for nurses or healthcare workers 👩🏼‍⚕️ @adidas  #nursesneakers #nursingshoes #nurseshoes #healthcareshoes #nursingsneakers #nurseshoesrecommended #creatorsearchinsights #nursingstudent #adidas #adidasultraboost  My favorite nursing shoes for 12 hour shifts | comfortable sneakers | nursing sneakers ,"nursesneakers,nursingshoes,nurseshoes,healthcareshoes,nursingsneakers,nurseshoesrecommended,creatorsearchinsights,nursingstudent,adidas,adidasultraboost",7145160134662226990,erinfeeneyy,173748,1423,44,98,870,hashtag,ultraboost,2026-04-04 00:52:20,1775235140,,2941,,186,7475058758708628266,True,adidas
7585629058004749598,1766166922,there will be no @adidas ultraboost slander on my page #changingoftheguards #thechangingoftheguard #ultraboost #adidas #shoes ,"changingoftheguards,thechangingoftheguard,ultraboost,adidas,shoes",6757885957288199174,bethanylearmont,144604,7905,88,483,296,hashtag,ultraboost,2026-04-04 00:52:20,1775235140,,26682,,11,5000000000429358771,True,adidas
7143274743846669573,1663173260,Dyeing Adidas Shoes💙 for @Zalando Werbung #customadidas #adidasoriginals #ultraboost #dyedshoes #shoedye #customshoeideas #maxplore #zalandostyle #adidasultraboost #cremelaces #howtocustomize #howtodye ,"customadidas,adidasoriginals,ultraboost,dyedshoes,shoedye,customshoeideas,maxplore,zalandostyle,adidasultraboost,cremelaces,howtocustomize,howtodye",6665231310073757702,maxplore,171061,1672,24,84,261,hashtag,ultraboost,2026-04-04 00:52:20,1775235140,,813445,Popular creator,6,7089828122854197249,True,adidas
7008439106170637573,1631779393,Reply to @zoz_zoz_zoz_zoz  I want to see more people wearing these 😢🔥 #adidas #sneakerhead #sneakers,"adidas,sneakerhead,sneakers",6858508943846294534,cultureforce,438516,7705,78,80,488,hashtag,ultraboost,2026-04-04 00:52:20,1775235140,,1428944,Verified account,12,6997136798090528770,True,adidas
7491173734544477486,1744174819,Adidas Fortnite x UltraBoost 1.0 Ultra Boost ‘ Victory Crown White ‘ #unboxing #videos #sidehustle #TikTokLearningCampaign #giftideas #gift #giftguide #gifts #fashion #apparel #mensfashion #mensshoes #menssneakers #sneaker #sneakers #sneakerhead #sneakerheads #sneakernews #sneakercollection #shoe #shoes #shoecheck #shoegame #shoestyle #shoecollection #mensapparel #adidas #adidasshoes #adidasultraboost #ultraboost #fortnite #fortniteclips #fortnitememes #fortnitebr #fortnitefunny #fortnitedance #fortnitetips #fortnitepro #fortniteog #fortniteclan #peely #battlebus #fishstick #victoryroyale #victory ,"unboxing,videos,sidehustle,tiktoklearningcampaign,giftideas,gift,giftguide,gifts,fashion,apparel,mensfashion,mensshoes,menssneakers,sneaker,sneakers,sneakerhead,sneakerheads,sneakernews,sneakercollection,shoe,shoes,shoecheck,shoegame,shoestyle,shoecollection,mensapparel,adidas,adidasshoes,adidasultraboost,ultraboost,fortnite,fortniteclips,fortnitememes,fortnitebr,fortnitefunny,fortnitedance,fortnitetips,fortnitepro,fortniteog,fortniteclan,peely,battlebus,fishstick,victoryroyale,victory",7448578539806753834,cbaxkicks,10762,89,14,57,15,hashtag,ultraboost,2026-04-04 00:52:20,1775235140,,29813,,289,7491173834318695214,True,adidas
7621026051564621086,1774408417,10 years later and Ultra Boost 1.0s are at Ross for $54 🤯 Full circle moment… just not my size. #adidas #ultraboost #sneakers #sneakerhead #rossfinds,"adidas,ultraboost,sneakers,sneakerhead,rossfinds",7353773811734873130,storetoscore,952,12,4,1,2,hashtag,ultraboost,2026-04-04 00:52:20,1775235140,,3944,,14,7621026052949429022,True,adidas
7621259525349313805,1774462804,2025 Fortnite x Adidas UltraBoost 1.0 ‘ Victory Crown Royale ‘ Gamer Gaming Special Limited Edition Collector Collaboration Sneakers Runner Trainer Running Training Gym Workout Lifestyle Kicks Rare Skateboarding Hipster Sports Athletics Footwear #fashion #streetwear #shoes #sneakers #sneakerhead ,"fashion,streetwear,shoes,sneakers,sneakerhead",7448578539806753834,cbaxkicks,3503,23,4,27,4,hashtag,ultraboost,2026-04-04 00:52:20,1775235140,,29813,,207,7418177776010577921,True,adidas
7335155132012694827,1707848918,The best Ultra Boost 1.0 of all time is… #ultraboost #adidas #sneakers #hypebeast #yeezy #kanyewest #2016,"ultraboost,adidas,sneakers,hypebeast,yeezy,kanyewest,2016",6731873492860748805,thomas.dejesus,326393,19189,109,28,654,hashtag,ultraboost,2026-04-04 00:52:20,1775235140,,236729,,147,7335155243740711723,True,adidas
7424356906241690922,1728617802,Yall still like ultraboost?? 👀  #fashion #adidas,"fashion,adidas",7392414449061757998,fromstorei,536698,33708,821,936,1656,hashtag,ultraboost,2026-04-04 00:52:20,1775235140,,1833,,59,7424356867079654190,True,adidas
7623901437407415582,1775077905,Amazing deal rn! #tiktokshopcreatorpicks #TiktokShopSpringGlowUp ,"tiktokshopcreatorpicks,tiktokshopspringglowup",7524003997956310047,colefindsdeals,2439,3,1,0,0,hashtag,ultraboost,2026-04-04 00:52:20,1775235140,,118248,,10,7563144557971098398,True,adidas
7612697017499880724,1772469158,Ultraboost x5 #adidas #adidasultraboost #ultraboost5 ,"adidas,adidasultraboost,ultraboost5",7240191690051650561,krossbaku,64791,814,95,126,408,hashtag,ultraboost,2026-04-04 00:52:20,1775235140,,25902,,28,7316230246439619329,True,adidas
7424917202199072046,1728748257,"Heading out on a crisp, Fall day. Nothing like it. Chose the Ultraboosts today. 🤔",,6739602878510531589,justinpageft,30727,499,11,8,69,hashtag,ultraboost,2026-04-04 00:52:20,1775235140,,12881,,34,6711980022204205826,True,adidas
7474086553942314283,1740196413,Replying to @chris part 2 | does anyone still wear ultra boosts? 😭 #fyp #foryou #fashiontiktok #streetwear #baggyjeans #yeezys #fashioninspo #kanyewest #sneakers ,"fyp,foryou,fashiontiktok,streetwear,baggyjeans,yeezys,fashioninspo,kanyewest,sneakers",6784161681922655238,originalparadigms,92843,2035,21,37,162,hashtag,ultraboost,2026-04-04 00:52:20,1775235140,,506271,,62,7234222652599846914,True,adidas
7397264189959572778,1722309790,Trying the UltraBOOST 5X☁️,,6778285807163802629,stevenatto,165583,1529,131,225,276,hashtag,ultraboost,2026-04-04 00:52:20,1775235140,,721264,Verified account,39,7397264126017325867,True,adidas
7537755183766375735,1755020429,lovee #backtoschool #haul #Lifestyle #shoes #adidasultraboost ,"backtoschool,haul,lifestyle,shoes,adidasultraboost",7355163741945922603,lifestyle_ash,59391,441,11,159,138,hashtag,ultraboost,2026-04-04 00:52:20,1775235140,,125,,12,7131070402482441006,True,adidas
6823116860771355909,1588630691,My personal ultraboost #ultraboost #shoes #yzy #foryoupage,"ultraboost,shoes,yzy,foryoupage",6748559393149682693,mnreselling,13977,316,8,4,34,hashtag,ultraboost,2026-04-04 00:52:20,1775235140,,23730,,11,6738439639826287365,True,adidas
7394557314826587434,1721679546,FIRST IMPRESSION: @adidas ultraboost 5x!!!  #adidas #adidasrunning #ultraboost #ultraboost5x #runningshoes #shoereview #Running #firstimpression #testrun #walkingshoes #runningtok #runwithme ,"adidas,adidasrunning,ultraboost,ultraboost5x,runningshoes,shoereview,running,firstimpression,testrun,walkingshoes,runningtok,runwithme",6794558146461172742,careesekwok,171816,1016,36,150,340,hashtag,ultraboost,2026-04-04 00:52:25,1775235145,,174962,,102,7394557311844354858,True,adidas
7194996095666179371,1675215581,How’d I Do On These? 🤢or🔥? @adidas #fyp #fypシ #foryou #fy #foryoupage #sneaker #sneakers #shoe #shoes #snkrs #snkrsapp #sneakerheads #sneakerhead #adidas #restore #restoration #sneakercleaning #shoecleaning ,"fyp,fypシ,foryou,fy,foryoupage,sneaker,sneakers,shoe,shoes,snkrs,snkrsapp,sneakerheads,sneakerhead,adidas,restore,restoration,sneakercleaning,shoecleaning",6756375486904157189,kickamatics,8614,136,0,2,10,hashtag,ultraboost,2026-04-04 00:52:25,1775235145,,8654,,44,6992075803202701313,True,adidas
7426097808593227054,1729023138,Not the brand new ultraboosts 😭 (via bbpjosh/IG) #sneakers #sneakerheads #sneakertok #sneakertiktok #sneakerheadsbelike #sneakercommunity #adidas #ultraboost #sneakerfail #sneakermeme #newsneakers #fail ,"sneakers,sneakerheads,sneakertok,sneakertiktok,sneakerheadsbelike,sneakercommunity,adidas,ultraboost,sneakerfail,sneakermeme,newsneakers,fail",6767453566028039173,brkicks,38251,462,15,14,29,hashtag,ultraboost,2026-04-04 00:52:25,1775235145,,1828033,verified account,8,7426097749345078059,True,adidas
7618901335832005909,1773913711,Took the new Adidas supertrainer the Hyperboost Edge out for a test run. Feels stable and has a firm base making it a solid option for easy long runs! Have yet to test it out for longer distances but I think this has potential to be part of your next marathon shoe rotation!,,6752125114664748033,enjayaba,2301,67,0,2,4,hashtag,ultraboost,2026-04-04 00:52:25,1775235145,,107935,,29,7533481963710876446,True,adidas
7406433515128065311,1724444694,3.5 years with the original ones with zero tears in the fabric something was off. #amazon #adidas #fakeadidas #ultraboost22 ,"amazon,adidas,fakeadidas,ultraboost22",6851705397779514373,jhhfit,10175,108,2,0,9,hashtag,ultraboost,2026-04-04 00:52:25,1775235145,,437102,,65,7406433427953601311,True,adidas
7392986597102259488,1721313835,Lacing up the all new adidas Ultraboost 5X 😮‍💨 #Running #RunningShoes #Marathon ,"running,runningshoes,marathon",6961186275969893382,prodirectrunning,1325182,29582,128,1792,2861,hashtag,ultraboost,2026-04-04 00:52:25,1775235145,,37000,,8,7392986673354656544,True,adidas
7624439625028783380,1775203194,"📍 Location: Pepsi Cola, Kathmandu, Nepal🚚 Delivery available inside KTM 💬 DM NOW to order or for more details 📞 Call / WhatsApp:9851068509/9768734647 #kathmandu #adidas #continental #sport #shoes ","kathmandu,adidas,continental,sport,shoes",7405843347280544776,legit_collection,429,27,2,8,2,hashtag,ultraboost,2026-04-04 00:52:25,1775235145,,16482,,57,7545822140009580560,True,adidas
7079094684848590122,1648230173,Nike’s ultra boost they said 😐 #snkrs #sneakerhead #sneakerreseller #BridgertonScandal #WomenOwnedBusiness #nikedunks #yeezy,"snkrs,sneakerhead,sneakerreseller,bridgertonscandal,womenownedbusiness,nikedunks,yeezy",6633205440124469254,wisco.sole,50029,2981,88,18,35,hashtag,ultraboost,2026-04-04 00:52:25,1775235145,,1356,,7,7051213132156488495,True,adidas
7136621400122477830,1661624158,The best ultraboost ever! #sneaker #adidas #ultraboost #sneakerhead #pickup,"sneaker,adidas,ultraboost,sneakerhead,pickup",6929866618377896965,realorfakeofficial,13775,170,4,0,27,hashtag,ultraboost,2026-04-04 00:52:25,1775235145,,177159,,24,7133363603926681601,True,adidas
7622728891051805974,1774804879,"The walk away always works at the carboot, ultraboost for only £10 👌🏼 #carbootsale #reseller #vinted #ebay #sneakers ","carbootsale,reseller,vinted,ebay,sneakers",6940403245617579014,carbootkicks,72631,522,6,16,36,hashtag,ultraboost,2026-04-04 00:52:25,1775235145,,2266,,38,7622728904578501398,True,adidas
7526654337439780110,1752435808,they are so cuteee! 👟 #fypシ゚viral #blowthisup #adidas #ultraboost #shoes #preppy #Summer #athleticshoes #backtoschool #outfits @adidas ,"fypシ゚viral,blowthisup,adidas,ultraboost,shoes,preppy,summer,athleticshoes,backtoschool,outfits",7400098855260324906,.vlogssbyruby,35195,560,8,60,83,hashtag,ultraboost,2026-04-04 00:52:25,1775235145,,244,,22,7358963455944461062,True,adidas
7584196373390593335,1765833352,#sneakers #adidas #adidasultraboost #adidasshoes #sneaker ,"sneakers,adidas,adidasultraboost,adidasshoes,sneaker",7500228236573115438,ms.r650,631,1,0,1,0,hashtag,ultraboost,2026-04-04 00:52:25,1775235145,,7198,,30,7584196434283645709,True,adidas
6900401083525516549,1606624862,Reply to @cfelan_08 #greenscreen here#DiceRoll #adidas #ultraboost,"greenscreen,diceroll,adidas,ultraboost",6734792112984081413,alonzohartsouthworth,26640,1342,19,3,30,hashtag,ultraboost,2026-04-04 00:52:25,1775235145,,296112,,15,6856776728602348294,True,adidas
7614486049322044694,1772885694,Would you wear these?,,6886039972182918150,ellbellsneakers,250517,16417,81,830,1343,hashtag,ultraboost,2026-04-04 00:52:25,1775235145,,742161,,60,7614486060516625174,True,adidas
7624062167158983950,1775153492,The adidas Ultra Boost 1.0 DNA 'Triple Black' is now available on the #tiktokshop Click on the shopping cart and see if your size is still available #tiktokshopcreatorpicks #trendingshoes #adidas ,"tiktokshop,tiktokshopcreatorpicks,trendingshoes,adidas",6960152320392119301,bossco818,120,1,0,0,0,hashtag,ultraboost,2026-04-04 00:52:25,1775235145,,52841,,9,7624062568243464973,True,adidas
7578526211513634055,1764513141,Adidas Ultraboost DNA 5.0 أديداس ألترابوست دي إن إيه  حذاء يومي عملي متعدد الإستخدامات هتلاقيه بكوبون خصم Alex عند  www.goowalk.net @adidas,,6606289949942775814,alex.moustafa,103164,1441,121,135,335,hashtag,ultraboost,2026-04-04 00:52:25,1775235145,,26197,,194,7578526399656332050,True,adidas
7624390732316413197,1775191833,"Men's Football Shoes, Fashion Gradient Color Design, Comfortable Soft Fit, Durable Midsole, Long Studs for Grip and Stability, Soccer Cleats #mensshoes #fashionfootwear #soccerboots #sportshoes #fashionboots #footballsocks #adidasultraboosts #footballequipment #shoefashion #indoorsoccershoes","mensshoes,fashionfootwear,soccerboots,sportshoes,fashionboots,footballsocks,adidasultraboosts,footballequipment,shoefashion,indoorsoccershoes",7566163387227571214,erxiyousportus,295,1,0,0,0,hashtag,ultraboost,2026-04-04 00:52:25,1775235145,,576,,11,7624390833215294221,True,adidas
7376360333025414446,1717442729,She said “have you ever had shoes without shoestrings” 💀 #hispanicmoms #hispanictiktok #hispanicsbelike #funny #ultraboost #adidasgirl #kanyewest ,"hispanicmoms,hispanictiktok,hispanicsbelike,funny,ultraboost,adidasgirl,kanyewest",7150696522236199982,erikolis,1111172,52065,344,1891,1886,hashtag,ultraboost,2026-04-04 00:52:30,1775235150,,649,,34,7376360351614438186,True,adidas
7094718216244858117,1651867811,can’t believe race season starts this week! thanks #adidascanada @sportinglifeca for the boost! [paid partnership] #ulltraboost22 #Running #sportinglife10k #marathontraining,"adidascanada,ulltraboost22,running,sportinglife10k,marathontraining",6697345849738085381,twoniver,137009,1016,23,24,144,hashtag,ultraboost,2026-04-04 00:52:30,1775235150,,42389,,49,7094718207705139973,True,adidas
7137741700813851946,1661884997,#ultraboost #sneakerhead #outfitideas,"ultraboost,sneakerhead,outfitideas",6571861142121398278,sebtalks,60501,1535,75,3,93,hashtag,ultraboost,2026-04-04 00:52:30,1775235150,,61644,,59,7002573206636726273,True,adidas
7083347191288384769,1649220289,#sneakerhacks #LifeHack #hacksoflife #lifehacker #coachjasonho #ultraboost,"sneakerhacks,lifehack,hacksoflife,lifehacker,coachjasonho,ultraboost",6885275216886940674,coachjasonho,50242,342,7,33,87,hashtag,ultraboost,2026-04-04 00:52:30,1775235150,,60344,,15,100083123,True,adidas
7495014118085152042,1745069029,"@adidas Ultraboost 5X is finally here 👀 We’re so excited to bring Adidas into the shop and this one’s a great first pick. Sleek, comfy, and ready to run (or just look good). #adidasultraboost #ultraboost5x #adidasrunning #runmoore #runningshop #boostyourrun #downtownwestminster #shopsmall #CapCut ","adidasultraboost,ultraboost5x,adidasrunning,runmoore,runningshop,boostyourrun,downtownwestminster,shopsmall,capcut",7298721936783737902,runmoore,8316,19,1,1,3,hashtag,ultraboost,2026-04-04 00:52:30,1775235150,,1659,,15,7495014315540499246,True,adidas
6996376502568865030,1628970845,"Not my best work, but the Ultra boosts were cleaned ✨ @overtimekicks @brkicks #shoevenirss #sneakerhead #foryou","shoevenirss,sneakerhead,foryou",6979319059658146822,shoevenirss,14239,136,0,2,23,hashtag,ultraboost,2026-04-04 00:52:30,1775235150,,21,,57,6803571105387792386,True,adidas
7526183323287194898,1752326112,Excited to try this Adidas UltraBoost5x on my 12 hrs shift tonight. Lez Go! 😍😍😍 #adidas  #ultraboost5x #nursingshoes #ednurse 🇺🇸,"adidas,ultraboost5x,nursingshoes,ednurse",6712404748987581441,02_yukineko,6336,45,5,11,10,hashtag,ultraboost,2026-04-04 00:52:30,1775235150,,585,,12,7513250621132393217,True,adidas
7480519209529691398,1741694108,Ultraboost 5 ✨#tenis #corrida #gym #adidas #ultraboost #CapCut ,"tenis,corrida,gym,adidas,ultraboost,capcut",6823555071160288261,isabellaassub,3089,39,14,1,3,hashtag,ultraboost,2026-04-04 00:52:30,1775235150,,876,,56,7300639350754282246,True,adidas
7515879593648164138,1749927131,I can’t get out my breaks for shi in these 💔💔💔 #fyp #viral #liljxice_ #football #ultraboostcleats #adidasfootball ,"fyp,viral,liljxice_,football,ultraboostcleats,adidasfootball",6615731568601481221,77juice_,416067,29960,209,669,1177,hashtag,ultraboost,2026-04-04 00:52:30,1775235150,,18074,,9,7493165644242815790,True,adidas
7622443122911415570,1774738345,Nuevos ultraboost 5.              #sneakers #adidas ,"sneakers,adidas",7364230389483275269,soy_alexx5,350,17,2,0,2,hashtag,ultraboost,2026-04-04 00:52:30,1775235150,,54,,9,7516707124810992398,True,adidas
7071316790231567622,1646419241,#ad PERIOD BLOATING IS NORMAL! Own your energy in ULTRABOOST22. #period #bloating #bodypositivity #adidas #ULTRABOOST #OWNYOURENERGY #createdwithadidas,"ad,period,bloating,bodypositivity,adidas,ultraboost,ownyourenergy,createdwithadidas",6573713045465448453,clara_dao,4518211,109618,988,1476,7505,hashtag,ultraboost,2026-04-04 00:52:30,1775235150,,2989651,Verified account,30,7071316769415203590,True,adidas
7183154995406114091,1672458612,The Most Comfortable Shoes #comfortableshoes #sneakerhead #newbalance #shoegame #ultraboost ,"comfortableshoes,sneakerhead,newbalance,shoegame,ultraboost",6946575858568381446,jonthrifts,549570,17137,789,165,1730,hashtag,ultraboost,2026-04-04 00:52:30,1775235150,,373514,,20,6746993352891189249,True,adidas
7535505574880906551,1754496627,Mythical loot 🤧#fashion #fyp #relatable ,"fashion,fyp,relatable",7446878054410781739,reemski2,65272,1821,27,104,109,hashtag,ultraboost,2026-04-04 00:52:30,1775235150,,24390,,60,6974510232969938946,True,adidas
7535853398793424158,1754577610,Adidas Ultraboist running shoes and seriously comfortable and super cute! #adidas #runningshoes #shoes #TikTokShopBackToSchool #tiktokshopfinds #tiktokshop ,"adidas,runningshoes,shoes,tiktokshopbacktoschool,tiktokshopfinds,tiktokshop",6895413711877637125,renetta.ann,1448,12,2,1,2,hashtag,ultraboost,2026-04-04 00:52:30,1775235150,,6372,,29,7228577698636171265,True,adidas
7571960601128324370,1762984471,高端外贸订单Y3 x Ultra Boost UB5/10.0巴斯夫跑步鞋黑白渐变！ 尺码：39-48（含真半码） 货号： JR6647 真材实料 毋庸置疑 市场最顶版本 专供外贸 最大做到48码 Primeknit+鞋面 前掌Linear Energy Push 全掌boost巴斯夫中底 CONTINENTAL马牌橡胶大底 STRETCHWEB橡胶外底  ,,6844038910151967750,topboutiques,915,4,0,4,3,hashtag,ultraboost,2026-04-04 00:52:30,1775235150,,17,,15,7395516949516568592,True,adidas
7437315717780852014,1731635010,Thes Adidas Ultra Boast shoes are SO COMFORTABLE! And I get Tons of compliments on them. ,,6981131540478936070,habend96,415,2,0,1,0,hashtag,ultraboost,2026-04-04 00:52:30,1775235150,,574,,59,7437315682402224938,True,adidas
6955655623094570245,1619489780,Ultra Boost 👀🔥🥵 Say less. #Adidas #ultraboost #workout,"adidas,ultraboost,workout",6901175489629750277,rainzchaos,850,4,0,0,0,hashtag,ultraboost,2026-04-04 00:52:30,1775235150,,352,,23,6771640057083201538,True,adidas
7441547425103252779,1732620287,#adidas #boost #Running ,"adidas,boost,running",7439372352085410862,twitch.tv.ivanya54,742,2,0,0,0,hashtag,ultraboost,2026-04-04 00:52:30,1775235150,,99,,6,7034544419326265346,True,adidas
7620587547378437407,1774306323,RIP to the kicks #adidas #ultraboost #shoes #sneakers #fyp,"adidas,ultraboost,shoes,sneakers,fyp",6921548900072571909,b.eaujames,364,12,3,0,0,hashtag,ultraboost,2026-04-04 00:52:35,1775235155,,1168,,40,7620587566894549791,True,adidas
7248347028428868910,1687637321,Gym fit check… #fashion #outfitoftheday #underarmour #ultraboost #college #gym #fyp ,"fashion,outfitoftheday,underarmour,ultraboost,college,gym,fyp",6882679149548749830,adam.jockle,672295,73562,1740,17604,1627,hashtag,ultraboost,2026-04-04 00:52:35,1775235155,,146555,,21,7248347041104005931,True,adidas
6994678052789783814,1628575397,AD Ultra Boost. UB21#Sneaker,sneaker,6985455679574770689,bg_sneakers,269,11,0,0,0,hashtag,ultraboost,2026-04-04 00:52:35,1775235155,,25,,9,6994677596793391877,True,adidas
7432773494909177131,1730577441,my fav fashion hack!! shes giving alix earle!!!  #snowy #snowycare #ultraboostinserts #brapadding #brapad #stickybra #stickybrainserts #brainserts #brainsertsthatwork #pushupbra #ibtc #tiktokshopblackfriday #tiktokshopfinds @Snowy Care ,"snowy,snowycare,ultraboostinserts,brapadding,brapad,stickybra,stickybrainserts,brainserts,brainsertsthatwork,pushupbra,ibtc,tiktokshopblackfriday,tiktokshopfinds",6600890743560110085,italiajjacqueline,62753,1359,23,118,212,hashtag,ultraboost,2026-04-04 00:52:35,1775235155,,120980,,76,7432773464672471850,True,adidas
7617157042519690526,1773507595,New running shoes 🥰 @adidas #adizeroevoslexo #adizero #runtok #Running #2026 ,"adizeroevoslexo,adizero,runtok,running,2026",6801551684256236550,lauranarvaezd,191658,11251,80,1791,776,hashtag,ultraboost,2026-04-04 00:52:35,1775235155,,145,,12,7516707124810992398,True,adidas
7624095540468272404,1775123078,𝗗𝗮𝗿𝗸 𝗔𝗴𝗲 𝗳𝘂𝗻𝗸 (𝗨𝗹𝘁𝗿𝗮 𝗦𝗹𝗼𝘄𝗲𝗱 + 𝗥𝗲𝘃𝗲𝗿𝗯)#slowed #bassboosted #aveeplayer #remix #lkmusic88 #fyp #headphones #songs,"slowed,bassboosted,aveeplayer,remix,lkmusic88,fyp,headphones,songs",7300014607409251334,lk_music88,131826,12682,29,62,1717,hashtag,ultraboost,2026-04-04 00:52:35,1775235155,,664272,,37,7624095592479410964,True,adidas
7624539541747059988,1775226458,𝐒𝐨𝐧𝐠 𝐍𝐚𝐦𝐞 | 𝐓𝐄𝐒𝐓𝐎𝐒𝐓𝐄𝐑𝐎𝐍𝐄 (𝐔𝐋𝐓𝐑𝐀 𝐒𝐋𝐎𝐖𝐄𝐃) #phonk #phonk_music #funk #bassboosted #slowedsongs ,"phonk,phonk_music,funk,bassboosted,slowedsongs",7269658976030180357,astral.music01.9,7704,621,5,5,91,hashtag,ultraboost,2026-04-04 00:52:35,1775235155,,327684,,19,7624539604796590855,True,adidas
7624146092229152021,1775134846,Charlie Kirky Funk (Ultra Slowed) #brazilianfunk #viralvideo #slowed #bassboosted #headphones ,"brazilianfunk,viralvideo,slowed,bassboosted,headphones",7254603108267983873,rairai_1203_,1594,128,5,2,22,hashtag,ultraboost,2026-04-04 00:52:35,1775235155,,256384,,20,7624146130799987457,True,adidas
7624378913178799380,1775189058,Nuts - Lil Peep >>>> #slowedsongs #slowedandreverb #ultraslowed #audio #headphones ,"slowedsongs,slowedandreverb,ultraslowed,audio,headphones",7314063056194061317,user..flopado,21854,1724,13,10,189,hashtag,ultraboost,2026-04-04 00:52:35,1775235155,,237488,,23,7548882895247657784,True,adidas
7624479584242715907,1775212496,ACIDO 3 💀 ULTRA SLOWED + BASS BOOSTED ⚡ BRAZILIAN FUNK | USE HEADPHONES 🎧🔥#phonk #brazilianfunk #slowedreverb #aveeplayer #fyp #viral #bassboosted #editaudio #phonkedit #trendingaudio #tiktokviral #darkvibes #musicedit #foryou #explorepage ,"phonk,brazilianfunk,slowedreverb,aveeplayer,fyp,viral,bassboosted,editaudio,phonkedit,trendingaudio,tiktokviral,darkvibes,musicedit,foryou,explorepage",7564804334551516182,hnphonk,1857,156,2,0,12,hashtag,ultraboost,2026-04-04 00:52:35,1775235155,,14408,,39,7624479594627779350,True,adidas
7624403407348026631,1775194762,"Морские свинки милыеʕ•ᴥ•ʔ А ещё точно знаю, что именно этих питомцев многие очень ждали. Мне было немного трудно озвучивать это видео, сама не знаю почему 🥲 #rblxstacyy #adoptmeroblox #адоптми #роблокс #roblox ","rblxstacyy,adoptmeroblox,адоптми,роблокс,roblox",7397730094121550854,rblxstacyy,8483,492,29,45,53,hashtag,ultraboost,2026-04-04 00:52:35,1775235155,,40407,,45,7535377004527487766,True,adidas
7119893991423823146,1657729505,Sadly prob never again #sneakernewsus #ultraboost #adidas #ultraboost4d #adidasultraboost #hype #sneakers #shoes,"sneakernewsus,ultraboost,adidas,ultraboost4d,adidasultraboost,hype,sneakers,shoes",6836475725945455621,sneaker__news.us,87779,784,43,4,50,hashtag,ultraboost,2026-04-04 00:52:35,1775235155,,23679,,8,7098894162356079406,True,adidas
7611270358955461906,1772136983,Adidas Ultra Boost 5 😮‍💨 H. Koumori pide catálogo: 0987402839 🇪🇨✅ #fyp #adidas #paratiiiiiiiiiiiiiiiiiiiiiiiiiiiiiii #tendencia #ecuador🇪🇨  ,"fyp,adidas,paratiiiiiiiiiiiiiiiiiiiiiiiiiiiiiii,tendencia,ecuador🇪🇨",6768649742035551237,sneakerloversec,164110,2486,39,401,488,hashtag,ultraboost,2026-04-04 00:52:35,1775235155,,111893,,28,7327515967806966534,True,adidas
7035342932442008878,1638043425,My favorite running shoe #adidas #run #trackandfield #runner #gift #foryou,"adidas,run,trackandfield,runner,gift,foryou",6948937475860251654,jackfloood,175204,1994,40,44,294,hashtag,ultraboost,2026-04-04 00:52:35,1775235155,,205923,,22,6819255229129689090,True,adidas
7613260065671236895,1772600249,A great show used all  my Christmas money in 2016 to be a pair #shoes #adidas #2010s #fyp #style ,"shoes,adidas,2010s,fyp,style",6715284810498212869,brelovesclothes12,2209,117,0,5,6,hashtag,ultraboost,2026-04-04 00:52:35,1775235155,,5273,,21,6751742750577657858,True,adidas
7586695168993152269,1766415135,Most COMFORTABLE shoe ever 👀 Go get the Overtime adidas Ultraboosts now on the shop 🔥 #overtime #adidas #shoes #sneakers #streetwear ,"overtime,adidas,shoes,sneakers,streetwear",6930361197746308101,overtimefits,12560,200,5,4,9,hashtag,ultraboost,2026-04-04 00:52:35,1775235155,,247384,,14,7586695113716402958,True,adidas
7347354308423322926,1710689271,Any thoughts on how i should paint these?🤔 #footballtiktok #footballcleats #footballequipment #customcleats #footballdripcheck #footballdrip #fyp #viral #tiktok ,"footballtiktok,footballcleats,footballequipment,customcleats,footballdripcheck,footballdrip,fyp,viral,tiktok",6900386015115543557,920cleats,6013,237,7,5,9,hashtag,ultraboost,2026-04-04 00:52:35,1775235155,,31774,,15,7304653959367887648,True,adidas
7290788086055734571,1697518911,30 Day Money Back Guarantee #fyp ,fyp,7178895695570650158,strapbra,40350,1108,1,13,35,hashtag,ultraboost,2026-04-04 00:52:35,1775235155,,36101,,23,7290788182839364395,True,adidas
7585175137318669623,1766061226,"Adidas Ultraboost 🔴 comfy, stylish, and ready to wear. DM if interested 👀   #vibes #rjselects #exercise #adidas #red ","vibes,rjselects,exercise,adidas,red",7584560436889912334,rjselects,162,2,0,0,0,hashtag,ultraboost,2026-04-04 00:52:39,1775235159,,5,,11,7496323473653401616,True,adidas
7582958019068087607,1765545052,#fyp #viral #xyzbca #football #cleats ,"fyp,viral,xyzbca,football,cleats",7455035624560116782,thatwhiteboytuff,631792,49899,364,399,3405,hashtag,ultraboost,2026-04-04 00:52:39,1775235159,,695,,25,7582958085435935543,True,adidas
7534797448946928918,1754331744,these are the comfiest running shoes - the ultra boost 5’s #adidas #ultraboost #formen #forwomen #tiktokmademebuyit #dealdrops ,"adidas,ultraboost,formen,forwomen,tiktokmademebuyit,dealdrops",7340051681603978272,redcrunchie,65856,217,4,33,108,hashtag,ultraboost,2026-04-04 00:52:39,1775235159,,50216,,64,7534797429088275222,True,adidas
6787119609293065477,1580249430,cleaning my ultraboosts!!!,,6624955096545411077,sarahhcaitlinn,153980,25219,35,306,768,hashtag,ultraboost,2026-04-04 00:52:39,1775235159,,55408,,29,6787115109207657221,True,adidas
7104226118928026907,1654081540,Unyellowing work for Adidas Ultraboost sneaker. #unyellowsoles #adidas #ultraboost #koriumlab #cleaning #wismacentral,"unyellowsoles,adidas,ultraboost,koriumlab,cleaning,wismacentral",6874862262399419393,koriumlab,54764,147,6,9,31,hashtag,ultraboost,2026-04-04 00:52:39,1775235159,,36338,,32,7005871610842318850,True,adidas
7196383693441699077,1675538651,Lmk what sneaker you think is just as comfortable! #sneakers #kicksonfire #grailsneakers #alltimegrail #sturdyvibes #sneakeroftheday #sneakeroftheyear #fashiontiktok #boost #ultraboost #adidas,"sneakers,kicksonfire,grailsneakers,alltimegrail,sturdyvibes,sneakeroftheday,sneakeroftheyear,fashiontiktok,boost,ultraboost,adidas",7151360674655847430,strapzlaces,7278,98,4,0,6,hashtag,ultraboost,2026-04-04 00:52:39,1775235159,,759031,,9,7184168342601583365,True,adidas
7547850430957522207,1757370893,“Why get a boob job… when Ultra Boost exists? 👀✨ @jiannacapri just leveled up her fits 💕 🌸 +2 cups instantly 👗 Strapless & backless = ✔️ 💪 Stays put all day 💃 Night-out ready Tap 💛 & glow up every outfit 😉 #BOOMBABabe #UltraBoostMagic #FromFlatToThat #GlowUpHack” ,"boombababe,ultraboostmagic,fromflattothat,glowuphack",7283373114511524907,getboomba_us,332,3,0,1,0,hashtag,ultraboost,2026-04-04 00:52:39,1775235159,,39312,,12,7547855599438940959,True,adidas
7535458766096043295,1754485732,"Why risk the 💉 when BOOMBA gives you the 🔥? @hellohillary showing off the Ultra Boost — the +2 cup magic that sticks to you AND your clothes 👏 ✨ Your lift, but make it iconic: 🔥 Glow-up in under 10 seconds 🧲 Grips like your BFF’s tea — won’t spill 💃 Jumps, spins, TikTok dances? Still locked in 👗 Ghost mode under any outfit ♻️ Wears & rewears like your fave lip gloss Tap the 🟡 basket & get the lift without the risk ✨ #UltraBoostGlow #FromFlatToThat #NoKnifeNeeded #MainCharacterLift #StickyAndSnatched #BOOMBABabe ","ultraboostglow,fromflattothat,noknifeneeded,maincharacterlift,stickyandsnatched,boombababe",7283373114511524907,getboomba_us,1574,7,1,3,1,hashtag,ultraboost,2026-04-04 00:52:39,1775235159,,39312,,16,7535463886040927007,True,adidas
7618307681601932564,1773775491,Still my favorite ultraboost. 👟 #fyp #ultraboost ,"fyp,ultraboost",6822623295994971137,kelly.ak28,859,27,0,1,1,hashtag,ultraboost,2026-04-04 00:52:39,1775235159,,1163,,21,7618307735357999893,True,adidas
7416561125317201157,1726802714,Adidas ultraboast #zapatillasrunning #Running #correr #adidas ,"zapatillasrunning,running,correr,adidas",7414693444688544773,daidashopy,16783,973,4,2,14,hashtag,ultraboost,2026-04-04 00:52:39,1775235159,,150,,22,7239111762301306881,True,adidas
7570951332450897183,1762749483,#fortnite #adidas #collaboration #ross #sneakerreseller ,"fortnite,adidas,collaboration,ross,sneakerreseller",6807557486326383621,notdemonjavi,9459,511,4,70,62,hashtag,ultraboost,2026-04-04 00:52:39,1775235159,,138713,,61,7570951243217046303,True,adidas
7333827346140564779,1707539778,"Ultraboosts are my fav, overall, workout shoe  #unboxingvideo #shoeunboxing #newshoes #ultraboost #adidas #adidasgirl #fyp #fypシ #influencer #tryonhaul #mominfluencer ","unboxingvideo,shoeunboxing,newshoes,ultraboost,adidas,adidasgirl,fyp,fypシ,influencer,tryonhaul,mominfluencer",6785535867861500933,clara_kleinman,21499,73,6,9,25,hashtag,ultraboost,2026-04-04 00:52:39,1775235159,,11299,,133,7333827493549525806,True,adidas
6797793014757543173,1582734529,INSANE🤯 #fyp #foryou #fy #foryoupage #got2bStyled #xyzbca #featureme,"fyp,foryou,fy,foryoupage,got2bstyled,xyzbca,featureme",6730832536489198597,peterdanyliv,63099,4038,49,23,63,hashtag,ultraboost,2026-04-04 00:52:39,1775235159,,2944369,,14,6797352356263594758,True,adidas
7619116266976070925,1773963756,Low keyyy and casual @G4Free Store @adidas ,,7245388722090624043,adams_academy_,1000,7,0,1,1,hashtag,ultraboost,2026-04-04 00:52:39,1775235159,,12042,,6,7001178547016551174,True,adidas
7539971398777801997,1755536410,Replying to @Her_Anm I’m loving the Adidas Ultraboost 5x right now. Everyone is different I would experiment with different shoes or go to a run store and get fitted when you’re ready. 🤗 #adidasrunning,adidasrunning,6966680610865824773,doseofvictory,1020,5,1,0,0,hashtag,ultraboost,2026-04-04 00:52:39,1775235159,,249,,68,7539971406424673037,True,adidas
7519320999523847455,1750728365,Adidas Messed Up These Cleats 😬 #football #footballcleats #adidas #ultraboost #bestcleats #drip #footballdrip #widereceiver #db #routerunner #nfl #CollegeFootball ,"football,footballcleats,adidas,ultraboost,bestcleats,drip,footballdrip,widereceiver,db,routerunner,nfl,collegefootball",6657427700569817093,sidelinedevon,247895,16836,66,418,734,hashtag,ultraboost,2026-04-04 00:52:44,1775235164,,81446,,61,7378287833658624054,True,adidas
7492827283367955743,1744559828,these are life changing !!! i love my snowvs!iam a b andi got a b!#snowy #snowycare!#snowvstickvinserts #stickvinserts#stickyinsertsbra #bracup #pushupbra#fashionhacks #fashion #ibtc#ultraboostinserts #stickvbra#stickybrainserts #stickybramagic,"snowy,snowycare,snowvstickvinserts,stickvinserts,stickyinsertsbra,bracup,pushupbra,fashionhacks,fashion,ibtc,ultraboostinserts,stickvbra,stickybrainserts,stickybramagic",7492529535985091627,blonde.bitch00,703635,7009,86,422,2027,hashtag,ultraboost,2026-04-04 00:52:44,1775235164,,55,,33,7492827322853542686,True,adidas
7194993586524785966,1675215079,BRO KNOWS SOMETHING... #sneakers #sneakerhead #sneakerstore #shop #store #buy #sell #resell #reseller #brooklyn #nyc #ny #newyork #adidas #yeezy #shoe,"sneakers,sneakerhead,sneakerstore,shop,store,buy,sell,resell,reseller,brooklyn,nyc,ny,newyork,adidas,yeezy,shoe",6911189616314336262,buyvise,1573181,107188,240,142,2405,hashtag,ultraboost,2026-04-04 00:52:44,1775235164,,108866,,21,7194993942927641387,True,adidas
7172323063722216709,1669936600,10/10 FROM US FOR THE ULTRABOOST. #sixnationsrugby #rugby #StumbleToVictory #rugbytok #adidas #ultraboost ,"sixnationsrugby,rugby,stumbletovictory,rugbytok,adidas,ultraboost",7089317792042025989,therugbyshop,1294,64,0,0,3,hashtag,ultraboost,2026-04-04 00:52:44,1775235164,,7250,,10,7146228412456241926,True,adidas
7136969750344781098,1661705264,what do we think of @meals_by_cug fit?? #fitcheck #cugine #rogue,"fitcheck,cugine,rogue",6683260439412229126,emma.rogue,386563,26009,62,176,728,hashtag,ultraboost,2026-04-04 00:52:44,1775235164,,714576,,23,7136969710889519914,True,adidas
7321776203550002475,1704733897,"Used to be a $400 shoe, the hype was crazy 😭 #thrift #fyp #sneakers #sneakerhead #nmd #ultraboost #adidas #nostalgia #2017 #kith ","thrift,fyp,sneakers,sneakerhead,nmd,ultraboost,adidas,nostalgia,2017,kith",7026870722028569606,evjjjjones,99141,452,6,2,15,hashtag,ultraboost,2026-04-04 00:52:44,1775235164,,7906,,12,7311366773310294815,True,adidas
6890284939900751109,1604269513,the brand new ultra boosts😣 #greenscreenvideo #greenscreen #fyp #OhNo,"greenscreenvideo,greenscreen,fyp,ohno",6568843928165629957,kylerkennen,340274,50335,472,335,1079,hashtag,ultraboost,2026-04-04 00:52:44,1775235164,,618,,8,6586947002464996102,True,adidas
7188588186736577838,1673723625,"hokas will definitely be a grad gift to myself but as for a stanley cup,,, ill only own one if it’s gifted to me 🫡 #nursingstudent #cna #nursingschool #prenursing #nursing #bsn #nursetok #nursesoftiktok #nursehumor #healthcarehumor #healthcare #healthcareworker ","nursingstudent,cna,nursingschool,prenursing,nursing,bsn,nursetok,nursesoftiktok,nursehumor,healthcarehumor,healthcare,healthcareworker",6628561513346351110,miajaye,173875,18689,126,662,365,hashtag,ultraboost,2026-04-04 00:52:44,1775235164,,52673,,5,7113693400062446382,True,adidas
7596361304068132118,1768665697,Which one was your favourite??,,6886039972182918150,ellbellsneakers,954698,47811,325,571,2059,hashtag,ultraboost,2026-04-04 00:52:44,1775235164,,742935,,64,7596361333770455830,True,adidas
7514010062952647982,1749491832,Whole time we a Nike school foe 😒😒😒😒 #fyp #viral #liljxice_ #ultraboostcleats #adidasfootball @Donniesliddxx ,"fyp,viral,liljxice_,ultraboostcleats,adidasfootball",6615731568601481221,77juice_,147186,8696,136,106,379,hashtag,ultraboost,2026-04-04 00:52:44,1775235164,,18074,,14,7499200854600207147,True,adidas
7431303517236727086,1730235187,Fit to go ai voice #fitoftheday #OOTD #dayinthelife #creatorsearchinsights #4upage #fyp #work #life ,"fitoftheday,ootd,dayinthelife,creatorsearchinsights,4upage,fyp,work,life",6772341356380832773,abelxangel,3596,114,0,0,13,hashtag,ultraboost,2026-04-04 00:52:44,1775235164,,147,,16,7291164315632306177,True,adidas
7571853009701981471,1762959426,I'm always looking for the best footwear for my 12hrs surgeries and I finally found them! #doctorreacts #ORlife #surgeonlife #adidasultraboost #spinesurgeon ,"doctorreacts,orlife,surgeonlife,adidasultraboost,spinesurgeon",6796707717114676230,stevencyrmd,7156,226,14,9,31,hashtag,ultraboost,2026-04-04 00:52:44,1775235164,,144232,,43,7376181229667813415,True,adidas
