brand,category,n,median_wer,brand_baseline_wer,relative_index,relative_uplift,share_within_brand,brand_n,small_n
adidas,vibe_ootd,188,0.008495537520492652,0.007001229223451446,1.213435133938458,0.21343513393845792,0.08785046728971962,2140,False
adidas,official_campaign,10,0.008144522954866389,0.007001229223451446,1.1632990000649235,0.16329900006492348,0.004672897196261682,2140,True
adidas,collaboration,77,0.007854847575155385,0.007001229223451446,1.121924068539942,0.12192406853994209,0.035981308411214954,2140,False
adidas,product_showcase,107,0.007297433316557625,0.007001229223451446,1.0423074411153412,0.04230744111534124,0.05,2140,False
adidas,tutorial_utility,45,0.005370508290528075,0.007001229223451446,0.7670807681226779,-0.2329192318773221,0.02102803738317757,2140,False
adidas,product_promo,35,0.005281690140845071,0.007001229223451446,0.754394688743146,-0.24560531125685403,0.016355140186915886,2140,False
adidas,product_review,59,0.004350124648070746,0.007001229223451446,0.6213372693897078,-0.3786627306102922,0.027570093457943926,2140,False
nike,story_heritage,7,0.00856164383561644,0.005904776779060815,1.4499521583910262,0.4499521583910262,0.0030211480362537764,2317,True
nike,collaboration,69,0.006674602915756171,0.005904776779060815,1.1303734527993117,0.13037345279931167,0.029779887785930083,2317,False
nike,tutorial_utility,40,0.006563607236712666,0.005904776779060815,1.1115758448292505,0.11157584482925054,0.017263703064307294,2317,False
nike,vibe_ootd,113,0.006099431322081255,0.005904776779060815,1.0329656056958347,0.03296560569583473,0.0487699611566681,2317,False
nike,product_review,50,0.006049592611491647,0.005904776779060815,1.024525200164106,0.024525200164106087,0.02157962883038412,2317,False
nike,product_promo,88,0.005409220784841786,0.005904776779060815,0.9160754059363698,-0.08392459406363018,0.03798014674147605,2317,False
nike,product_showcase,55,0.0043306905831824085,0.005904776779060815,0.733421557702174,-0.266578442297826,0.023737591713422528,2317,False
nike,official_campaign,28,0.0018780061744258264,0.005904776779060815,0.3180486315901908,-0.6819513684098092,0.012084592145015106,2317,False
