topic,n,nike_n,adidas_n,nike_net,adidas_net,gap,lead_brand,warmer_brand,nike_share_positive,adidas_share_positive,nike_share_negative,adidas_share_negative,net_gap
Fit & Comfort,299,101,198,0.1386138613861386,0.2474747474747475,0.10886088608860889,adidas,adidas,0.36633663366336633,0.4494949494949495,0.22772277227722773,0.20202020202020202,0.10886088608860889
Product / Model Discussion,495,281,214,0.13879003558718858,0.17757009345794392,0.038780057870755336,adidas,adidas,0.298932384341637,0.3691588785046729,0.1601423487544484,0.19158878504672897,0.038780057870755336
Price & Value,255,168,87,0.1845238095238095,0.21839080459770116,0.033866995073891654,adidas,adidas,0.38095238095238093,0.39080459770114945,0.19642857142857142,0.1724137931034483,0.033866995073891654
Athlete / Celebrity,559,212,347,0.30660377358490565,0.31412103746397696,0.007517263879071312,adidas,adidas,0.45754716981132076,0.4438040345821326,0.1509433962264151,0.12968299711815562,0.007517263879071312
Design & Aesthetics,391,157,234,0.2738853503184714,0.2777777777777778,0.0038924274593064023,adidas,adidas,0.45222929936305734,0.44871794871794873,0.17834394904458598,0.17094017094017094,0.0038924274593064023
Product Desire / Purchase Intent,509,219,290,0.2191780821917808,0.2172413793103448,-0.0019367028814360199,nike,nike,0.4200913242009132,0.4586206896551724,0.2009132420091324,0.2413793103448276,-0.0019367028814360199
Quality / Performance,36,19,17,0.15789473684210525,0.11764705882352941,-0.040247678018575844,nike,nike,0.3684210526315789,0.29411764705882354,0.21052631578947367,0.17647058823529413,-0.040247678018575844
Availability / Access,152,53,99,0.22641509433962265,0.10101010101010102,-0.12540499332952162,nike,nike,0.2641509433962264,0.29292929292929293,0.03773584905660377,0.1919191919191919,-0.12540499332952162
Brand Comparison / Preference,76,15,61,0.5333333333333333,0.3770491803278689,-0.15628415300546444,nike,nike,0.6666666666666666,0.5245901639344263,0.13333333333333333,0.14754098360655737,-0.15628415300546444
